instruction,input,output
Converta esse script do IBM RPA para Python,defVar --name city --type String --value "Rio das Gaivotas",city = "Rio das Gaivotas"
Converta o scritp informado para Python,defVar --name street --type String --value “Av. das Gaivotas”,street = "Av. das Gaivotas"
Faça a o converção desse script para Python,defVar --name district --type String --value "Beira Rio",district = "Beira Rio"
Converta o script do IBM RPA para Python, defVar --name number --type Numeric = 654,number = 654
Converta esse script do IBM RPA para Python,logMessage --message "\r\nYour address is: ${street} ${number} - ${district} - ${city}",print(f"Your address is: {street} {number} - {district} - {city}")
Converta esse script do IBM RPA para Python,"for --variable ${iterator} --from 1 --to 5 --step 1
 logMessage --message ""Repetition number: ${iterator}"" --type ""Info""
next","for iterator in range(0, 5):
    print(f""Repetition number: {iterator}"")"
Faça a o converção desse script do IBM RPA para Python,"defVar --name lettersCollection --type List --innertype String --value ""[A,B,C,D,E,F,H,I,J,K,L,M]""
insert --index 7 --value G --collection ""${lettersCollection}""
logMessage --message ""${lettersCollection}"" --type ""Info""","letters_collection = [""A"", ""B"", ""C"", ""D"", ""E"", ""F"", ""H"", ""I"", ""J"", ""K"", ""L"", ""M""]
letters_collection.insert(7, ""G"")

print(letters_collection)"
Convert to python,"defVar --name numericList --type List --innerType Numeric
insert --value 25 --collection ${numericList}
insert --value 10 --collection ${numericList}
insert --value 98 --collection ${numericList}
insert --index 0 --value 0 --collection ${numericList}
insert --value 45 --collection ${numericList}
insert --value 1 --collection ${numericList}
insert --index 3 --value -5 --collection ${numericList}
insert --index 4 --value 108 --collection ${numericList}

defVar --name number --type Numeric
defVar --name sum --type Numeric

foreach --collection ""${numeric_list}"" --variable ""${number}""
    evaluate --expression ""${sum} + ${number}"" --to ""${sum}""
next","numeric_list = []
numeric_list.append(25)
numeric_list.append(10)
numeric_list.append(98)
numeric_list.insert(0, 0)
numeric_list.append(45)
numeric_list.append(1)
numeric_list.insert(3, -5)
numeric_list.insert(4, 108)

sum = 0
for number in numeric_list:
    sum += number"
Converta para Python o código do IBM RPA a seguir,"defVar --name studentAverage --type Numeric --value 8
if --left ""${studentAverage}"" --operator ""Greater_Than"" --right 7
    logMessage --message ""Congratulations! You can participate in the draw!"" --type Info
endIf","student_average = 8
if student_average >= 7:
    print(""Congratulations! You can participate in the draw!"")"
Converta o script a seguir para python,"defVar --name studentAverage --type Numeric --value 7.5
if --left ""${studentAverage}"" --operator ""Equal_To"" --right 10
    logMessage --message ""Congratulations! You have been approved for the Advanced Mathematics course with a perfect score!"" --type Info
elseIf --left ""${studentAverage}"" --operator ""Greater_Than"" --right 7
    logMessage --message ""Congratulations! You have been approved for the Advanced Mathematics course!"" --type Info
else
    logMessage --message ""Unfortunately, you were not approved for the Advanced Mathematics course, your grade is below the cut-off mark."" --type Info","student_average = 7.5
if student_average == 10:
    print(""Congratulations! You have been approved for the Advanced Mathematics course with a perfect score!"")
elif student_average >= 7:
    print(""Congratulations! You have been approved for the Advanced Mathematics course!"")
else:
    print(""Unfortunately, you were not approved for the Advanced Mathematics course, your grade is below the cut-off mark."")"